title,description
Task 01,Task 01 description
Task 02,Task 02 description
Task 03,Task 03 description
Task 04,Task 04 description
Task 05,Task 05 description
Task 06,Task 06 description
Task 07,Task 07 description
Task 08,Task 08 description
Task 09,Task 09 description
Task 10,Task 10 description
Task 11,Task 11 description
Task 12,Task 12 description
Task 13,Task 13 description
Task 14,Task 14 description
Task 15,Task 15 description
Task 16,Task 61 description
Task 17,Task 17 description
Task 18,Task 18 description
Task 19,Task 19 description
Task 20,Task 20 description
